{
	"MacBook_HD:/Users/macbook/Desktop/FluCoMa Aritcles/hart_article/patches/iter_at_5/Overdrive_0.5_Delay Time_0.5_Delay Feedback_0.5_Filter Cutoff_0.5_Filter Resonance_0.5.wav" : 	{
		"numchans" : 1,
		"sr" : 44100,
		"bounds" : [ 0, 23046 ]
	}
,
	"MacBook_HD:/Users/macbook/Desktop/FluCoMa Aritcles/hart_article/patches/iter_at_5/Overdrive_0.5_Delay Time_0.5_Delay Feedback_0.5_Filter Cutoff_0.5_Filter Resonance_0.wav" : 	{
		"numchans" : 1,
		"sr" : 44100,
		"bounds" : [ 23046, 46092 ]
	}
,
	"MacBook_HD:/Users/macbook/Desktop/FluCoMa Aritcles/hart_article/patches/iter_at_5/Overdrive_0.5_Delay Time_0.5_Delay Feedback_0.5_Filter Cutoff_0.5_Filter Resonance_1.wav" : 	{
		"numchans" : 1,
		"sr" : 44100,
		"bounds" : [ 46092, 69138 ]
	}
,
	"MacBook_HD:/Users/macbook/Desktop/FluCoMa Aritcles/hart_article/patches/iter_at_5/Overdrive_0.5_Delay Time_0.5_Delay Feedback_0.5_Filter Cutoff_0_Filter Resonance_0.5.wav" : 	{
		"numchans" : 1,
		"sr" : 44100,
		"bounds" : [ 69138, 92184 ]
	}
,
	"MacBook_HD:/Users/macbook/Desktop/FluCoMa Aritcles/hart_article/patches/iter_at_5/Overdrive_0.5_Delay Time_0.5_Delay Feedback_0.5_Filter Cutoff_0_Filter Resonance_0.wav" : 	{
		"numchans" : 1,
		"sr" : 44100,
		"bounds" : [ 92184, 115230 ]
	}
,
	"MacBook_HD:/Users/macbook/Desktop/FluCoMa Aritcles/hart_article/patches/iter_at_5/Overdrive_0.5_Delay Time_0.5_Delay Feedback_0.5_Filter Cutoff_0_Filter Resonance_1.wav" : 	{
		"numchans" : 1,
		"sr" : 44100,
		"bounds" : [ 115230, 138276 ]
	}
,
	"MacBook_HD:/Users/macbook/Desktop/FluCoMa Aritcles/hart_article/patches/iter_at_5/Overdrive_0.5_Delay Time_0.5_Delay Feedback_0.5_Filter Cutoff_1_Filter Resonance_0.5.wav" : 	{
		"numchans" : 1,
		"sr" : 44100,
		"bounds" : [ 138276, 161322 ]
	}
,
	"MacBook_HD:/Users/macbook/Desktop/FluCoMa Aritcles/hart_article/patches/iter_at_5/Overdrive_0.5_Delay Time_0.5_Delay Feedback_0.5_Filter Cutoff_1_Filter Resonance_0.wav" : 	{
		"numchans" : 1,
		"sr" : 44100,
		"bounds" : [ 161322, 184368 ]
	}
,
	"MacBook_HD:/Users/macbook/Desktop/FluCoMa Aritcles/hart_article/patches/iter_at_5/Overdrive_0.5_Delay Time_0.5_Delay Feedback_0.5_Filter Cutoff_1_Filter Resonance_1.wav" : 	{
		"numchans" : 1,
		"sr" : 44100,
		"bounds" : [ 184368, 207414 ]
	}
,
	"MacBook_HD:/Users/macbook/Desktop/FluCoMa Aritcles/hart_article/patches/iter_at_5/Overdrive_0.5_Delay Time_0.5_Delay Feedback_0_Filter Cutoff_0.5_Filter Resonance_0.5.wav" : 	{
		"numchans" : 1,
		"sr" : 44100,
		"bounds" : [ 207414, 230460 ]
	}
,
	"MacBook_HD:/Users/macbook/Desktop/FluCoMa Aritcles/hart_article/patches/iter_at_5/Overdrive_0.5_Delay Time_0.5_Delay Feedback_0_Filter Cutoff_0.5_Filter Resonance_0.wav" : 	{
		"numchans" : 1,
		"sr" : 44100,
		"bounds" : [ 230460, 253506 ]
	}
,
	"MacBook_HD:/Users/macbook/Desktop/FluCoMa Aritcles/hart_article/patches/iter_at_5/Overdrive_0.5_Delay Time_0.5_Delay Feedback_0_Filter Cutoff_0.5_Filter Resonance_1.wav" : 	{
		"numchans" : 1,
		"sr" : 44100,
		"bounds" : [ 253506, 276552 ]
	}
,
	"MacBook_HD:/Users/macbook/Desktop/FluCoMa Aritcles/hart_article/patches/iter_at_5/Overdrive_0.5_Delay Time_0.5_Delay Feedback_0_Filter Cutoff_0_Filter Resonance_0.5.wav" : 	{
		"numchans" : 1,
		"sr" : 44100,
		"bounds" : [ 276552, 299598 ]
	}
,
	"MacBook_HD:/Users/macbook/Desktop/FluCoMa Aritcles/hart_article/patches/iter_at_5/Overdrive_0.5_Delay Time_0.5_Delay Feedback_0_Filter Cutoff_0_Filter Resonance_0.wav" : 	{
		"numchans" : 1,
		"sr" : 44100,
		"bounds" : [ 299598, 322644 ]
	}
,
	"MacBook_HD:/Users/macbook/Desktop/FluCoMa Aritcles/hart_article/patches/iter_at_5/Overdrive_0.5_Delay Time_0.5_Delay Feedback_0_Filter Cutoff_0_Filter Resonance_1.wav" : 	{
		"numchans" : 1,
		"sr" : 44100,
		"bounds" : [ 322644, 345690 ]
	}
,
	"MacBook_HD:/Users/macbook/Desktop/FluCoMa Aritcles/hart_article/patches/iter_at_5/Overdrive_0.5_Delay Time_0.5_Delay Feedback_0_Filter Cutoff_1_Filter Resonance_0.5.wav" : 	{
		"numchans" : 1,
		"sr" : 44100,
		"bounds" : [ 345690, 368736 ]
	}
,
	"MacBook_HD:/Users/macbook/Desktop/FluCoMa Aritcles/hart_article/patches/iter_at_5/Overdrive_0.5_Delay Time_0.5_Delay Feedback_0_Filter Cutoff_1_Filter Resonance_0.wav" : 	{
		"numchans" : 1,
		"sr" : 44100,
		"bounds" : [ 368736, 391782 ]
	}
,
	"MacBook_HD:/Users/macbook/Desktop/FluCoMa Aritcles/hart_article/patches/iter_at_5/Overdrive_0.5_Delay Time_0.5_Delay Feedback_0_Filter Cutoff_1_Filter Resonance_1.wav" : 	{
		"numchans" : 1,
		"sr" : 44100,
		"bounds" : [ 391782, 414828 ]
	}
,
	"MacBook_HD:/Users/macbook/Desktop/FluCoMa Aritcles/hart_article/patches/iter_at_5/Overdrive_0.5_Delay Time_0.5_Delay Feedback_1_Filter Cutoff_0.5_Filter Resonance_0.5.wav" : 	{
		"numchans" : 1,
		"sr" : 44100,
		"bounds" : [ 414828, 437874 ]
	}
,
	"MacBook_HD:/Users/macbook/Desktop/FluCoMa Aritcles/hart_article/patches/iter_at_5/Overdrive_0.5_Delay Time_0.5_Delay Feedback_1_Filter Cutoff_0.5_Filter Resonance_0.wav" : 	{
		"numchans" : 1,
		"sr" : 44100,
		"bounds" : [ 437874, 460920 ]
	}
,
	"MacBook_HD:/Users/macbook/Desktop/FluCoMa Aritcles/hart_article/patches/iter_at_5/Overdrive_0.5_Delay Time_0.5_Delay Feedback_1_Filter Cutoff_0.5_Filter Resonance_1.wav" : 	{
		"numchans" : 1,
		"sr" : 44100,
		"bounds" : [ 460920, 483966 ]
	}
,
	"MacBook_HD:/Users/macbook/Desktop/FluCoMa Aritcles/hart_article/patches/iter_at_5/Overdrive_0.5_Delay Time_0.5_Delay Feedback_1_Filter Cutoff_0_Filter Resonance_0.5.wav" : 	{
		"numchans" : 1,
		"sr" : 44100,
		"bounds" : [ 483966, 507012 ]
	}
,
	"MacBook_HD:/Users/macbook/Desktop/FluCoMa Aritcles/hart_article/patches/iter_at_5/Overdrive_0.5_Delay Time_0.5_Delay Feedback_1_Filter Cutoff_0_Filter Resonance_0.wav" : 	{
		"numchans" : 1,
		"sr" : 44100,
		"bounds" : [ 507012, 530058 ]
	}
,
	"MacBook_HD:/Users/macbook/Desktop/FluCoMa Aritcles/hart_article/patches/iter_at_5/Overdrive_0.5_Delay Time_0.5_Delay Feedback_1_Filter Cutoff_0_Filter Resonance_1.wav" : 	{
		"numchans" : 1,
		"sr" : 44100,
		"bounds" : [ 530058, 553104 ]
	}
,
	"MacBook_HD:/Users/macbook/Desktop/FluCoMa Aritcles/hart_article/patches/iter_at_5/Overdrive_0.5_Delay Time_0.5_Delay Feedback_1_Filter Cutoff_1_Filter Resonance_0.5.wav" : 	{
		"numchans" : 1,
		"sr" : 44100,
		"bounds" : [ 553104, 576150 ]
	}
,
	"MacBook_HD:/Users/macbook/Desktop/FluCoMa Aritcles/hart_article/patches/iter_at_5/Overdrive_0.5_Delay Time_0.5_Delay Feedback_1_Filter Cutoff_1_Filter Resonance_0.wav" : 	{
		"numchans" : 1,
		"sr" : 44100,
		"bounds" : [ 576150, 599196 ]
	}
,
	"MacBook_HD:/Users/macbook/Desktop/FluCoMa Aritcles/hart_article/patches/iter_at_5/Overdrive_0.5_Delay Time_0.5_Delay Feedback_1_Filter Cutoff_1_Filter Resonance_1.wav" : 	{
		"numchans" : 1,
		"sr" : 44100,
		"bounds" : [ 599196, 622242 ]
	}
,
	"MacBook_HD:/Users/macbook/Desktop/FluCoMa Aritcles/hart_article/patches/iter_at_5/Overdrive_0.5_Delay Time_0_Delay Feedback_0.5_Filter Cutoff_0.5_Filter Resonance_0.5.wav" : 	{
		"numchans" : 1,
		"sr" : 44100,
		"bounds" : [ 622242, 645288 ]
	}
,
	"MacBook_HD:/Users/macbook/Desktop/FluCoMa Aritcles/hart_article/patches/iter_at_5/Overdrive_0.5_Delay Time_0_Delay Feedback_0.5_Filter Cutoff_0.5_Filter Resonance_0.wav" : 	{
		"numchans" : 1,
		"sr" : 44100,
		"bounds" : [ 645288, 668334 ]
	}
,
	"MacBook_HD:/Users/macbook/Desktop/FluCoMa Aritcles/hart_article/patches/iter_at_5/Overdrive_0.5_Delay Time_0_Delay Feedback_0.5_Filter Cutoff_0.5_Filter Resonance_1.wav" : 	{
		"numchans" : 1,
		"sr" : 44100,
		"bounds" : [ 668334, 691380 ]
	}
,
	"MacBook_HD:/Users/macbook/Desktop/FluCoMa Aritcles/hart_article/patches/iter_at_5/Overdrive_0.5_Delay Time_0_Delay Feedback_0.5_Filter Cutoff_0_Filter Resonance_0.5.wav" : 	{
		"numchans" : 1,
		"sr" : 44100,
		"bounds" : [ 691380, 714426 ]
	}
,
	"MacBook_HD:/Users/macbook/Desktop/FluCoMa Aritcles/hart_article/patches/iter_at_5/Overdrive_0.5_Delay Time_0_Delay Feedback_0.5_Filter Cutoff_0_Filter Resonance_0.wav" : 	{
		"numchans" : 1,
		"sr" : 44100,
		"bounds" : [ 714426, 737472 ]
	}
,
	"MacBook_HD:/Users/macbook/Desktop/FluCoMa Aritcles/hart_article/patches/iter_at_5/Overdrive_0.5_Delay Time_0_Delay Feedback_0.5_Filter Cutoff_0_Filter Resonance_1.wav" : 	{
		"numchans" : 1,
		"sr" : 44100,
		"bounds" : [ 737472, 760518 ]
	}
,
	"MacBook_HD:/Users/macbook/Desktop/FluCoMa Aritcles/hart_article/patches/iter_at_5/Overdrive_0.5_Delay Time_0_Delay Feedback_0.5_Filter Cutoff_1_Filter Resonance_0.5.wav" : 	{
		"numchans" : 1,
		"sr" : 44100,
		"bounds" : [ 760518, 783564 ]
	}
,
	"MacBook_HD:/Users/macbook/Desktop/FluCoMa Aritcles/hart_article/patches/iter_at_5/Overdrive_0.5_Delay Time_0_Delay Feedback_0.5_Filter Cutoff_1_Filter Resonance_0.wav" : 	{
		"numchans" : 1,
		"sr" : 44100,
		"bounds" : [ 783564, 806610 ]
	}
,
	"MacBook_HD:/Users/macbook/Desktop/FluCoMa Aritcles/hart_article/patches/iter_at_5/Overdrive_0.5_Delay Time_0_Delay Feedback_0.5_Filter Cutoff_1_Filter Resonance_1.wav" : 	{
		"numchans" : 1,
		"sr" : 44100,
		"bounds" : [ 806610, 829656 ]
	}
,
	"MacBook_HD:/Users/macbook/Desktop/FluCoMa Aritcles/hart_article/patches/iter_at_5/Overdrive_0.5_Delay Time_0_Delay Feedback_0_Filter Cutoff_0.5_Filter Resonance_0.5.wav" : 	{
		"numchans" : 1,
		"sr" : 44100,
		"bounds" : [ 829656, 852702 ]
	}
,
	"MacBook_HD:/Users/macbook/Desktop/FluCoMa Aritcles/hart_article/patches/iter_at_5/Overdrive_0.5_Delay Time_0_Delay Feedback_0_Filter Cutoff_0.5_Filter Resonance_0.wav" : 	{
		"numchans" : 1,
		"sr" : 44100,
		"bounds" : [ 852702, 875748 ]
	}
,
	"MacBook_HD:/Users/macbook/Desktop/FluCoMa Aritcles/hart_article/patches/iter_at_5/Overdrive_0.5_Delay Time_0_Delay Feedback_0_Filter Cutoff_0.5_Filter Resonance_1.wav" : 	{
		"numchans" : 1,
		"sr" : 44100,
		"bounds" : [ 875748, 898794 ]
	}
,
	"MacBook_HD:/Users/macbook/Desktop/FluCoMa Aritcles/hart_article/patches/iter_at_5/Overdrive_0.5_Delay Time_0_Delay Feedback_0_Filter Cutoff_0_Filter Resonance_0.5.wav" : 	{
		"numchans" : 1,
		"sr" : 44100,
		"bounds" : [ 898794, 921840 ]
	}
,
	"MacBook_HD:/Users/macbook/Desktop/FluCoMa Aritcles/hart_article/patches/iter_at_5/Overdrive_0.5_Delay Time_0_Delay Feedback_0_Filter Cutoff_0_Filter Resonance_0.wav" : 	{
		"numchans" : 1,
		"sr" : 44100,
		"bounds" : [ 921840, 944886 ]
	}
,
	"MacBook_HD:/Users/macbook/Desktop/FluCoMa Aritcles/hart_article/patches/iter_at_5/Overdrive_0.5_Delay Time_0_Delay Feedback_0_Filter Cutoff_0_Filter Resonance_1.wav" : 	{
		"numchans" : 1,
		"sr" : 44100,
		"bounds" : [ 944886, 967932 ]
	}
,
	"MacBook_HD:/Users/macbook/Desktop/FluCoMa Aritcles/hart_article/patches/iter_at_5/Overdrive_0.5_Delay Time_0_Delay Feedback_0_Filter Cutoff_1_Filter Resonance_0.5.wav" : 	{
		"numchans" : 1,
		"sr" : 44100,
		"bounds" : [ 967932, 990978 ]
	}
,
	"MacBook_HD:/Users/macbook/Desktop/FluCoMa Aritcles/hart_article/patches/iter_at_5/Overdrive_0.5_Delay Time_0_Delay Feedback_0_Filter Cutoff_1_Filter Resonance_0.wav" : 	{
		"numchans" : 1,
		"sr" : 44100,
		"bounds" : [ 990978, 1014024 ]
	}
,
	"MacBook_HD:/Users/macbook/Desktop/FluCoMa Aritcles/hart_article/patches/iter_at_5/Overdrive_0.5_Delay Time_0_Delay Feedback_0_Filter Cutoff_1_Filter Resonance_1.wav" : 	{
		"numchans" : 1,
		"sr" : 44100,
		"bounds" : [ 1014024, 1037070 ]
	}
,
	"MacBook_HD:/Users/macbook/Desktop/FluCoMa Aritcles/hart_article/patches/iter_at_5/Overdrive_0.5_Delay Time_0_Delay Feedback_1_Filter Cutoff_0.5_Filter Resonance_0.5.wav" : 	{
		"numchans" : 1,
		"sr" : 44100,
		"bounds" : [ 1037070, 1060116 ]
	}
,
	"MacBook_HD:/Users/macbook/Desktop/FluCoMa Aritcles/hart_article/patches/iter_at_5/Overdrive_0.5_Delay Time_0_Delay Feedback_1_Filter Cutoff_0.5_Filter Resonance_0.wav" : 	{
		"numchans" : 1,
		"sr" : 44100,
		"bounds" : [ 1060116, 1083162 ]
	}
,
	"MacBook_HD:/Users/macbook/Desktop/FluCoMa Aritcles/hart_article/patches/iter_at_5/Overdrive_0.5_Delay Time_0_Delay Feedback_1_Filter Cutoff_0.5_Filter Resonance_1.wav" : 	{
		"numchans" : 1,
		"sr" : 44100,
		"bounds" : [ 1083162, 1106208 ]
	}
,
	"MacBook_HD:/Users/macbook/Desktop/FluCoMa Aritcles/hart_article/patches/iter_at_5/Overdrive_0.5_Delay Time_0_Delay Feedback_1_Filter Cutoff_0_Filter Resonance_0.5.wav" : 	{
		"numchans" : 1,
		"sr" : 44100,
		"bounds" : [ 1106208, 1129254 ]
	}
,
	"MacBook_HD:/Users/macbook/Desktop/FluCoMa Aritcles/hart_article/patches/iter_at_5/Overdrive_0.5_Delay Time_0_Delay Feedback_1_Filter Cutoff_0_Filter Resonance_0.wav" : 	{
		"numchans" : 1,
		"sr" : 44100,
		"bounds" : [ 1129254, 1152300 ]
	}
,
	"MacBook_HD:/Users/macbook/Desktop/FluCoMa Aritcles/hart_article/patches/iter_at_5/Overdrive_0.5_Delay Time_0_Delay Feedback_1_Filter Cutoff_0_Filter Resonance_1.wav" : 	{
		"numchans" : 1,
		"sr" : 44100,
		"bounds" : [ 1152300, 1175346 ]
	}
,
	"MacBook_HD:/Users/macbook/Desktop/FluCoMa Aritcles/hart_article/patches/iter_at_5/Overdrive_0.5_Delay Time_0_Delay Feedback_1_Filter Cutoff_1_Filter Resonance_0.5.wav" : 	{
		"numchans" : 1,
		"sr" : 44100,
		"bounds" : [ 1175346, 1198392 ]
	}
,
	"MacBook_HD:/Users/macbook/Desktop/FluCoMa Aritcles/hart_article/patches/iter_at_5/Overdrive_0.5_Delay Time_0_Delay Feedback_1_Filter Cutoff_1_Filter Resonance_0.wav" : 	{
		"numchans" : 1,
		"sr" : 44100,
		"bounds" : [ 1198392, 1221438 ]
	}
,
	"MacBook_HD:/Users/macbook/Desktop/FluCoMa Aritcles/hart_article/patches/iter_at_5/Overdrive_0.5_Delay Time_0_Delay Feedback_1_Filter Cutoff_1_Filter Resonance_1.wav" : 	{
		"numchans" : 1,
		"sr" : 44100,
		"bounds" : [ 1221438, 1244484 ]
	}
,
	"MacBook_HD:/Users/macbook/Desktop/FluCoMa Aritcles/hart_article/patches/iter_at_5/Overdrive_0.5_Delay Time_1_Delay Feedback_0.5_Filter Cutoff_0.5_Filter Resonance_0.5.wav" : 	{
		"numchans" : 1,
		"sr" : 44100,
		"bounds" : [ 1244484, 1267530 ]
	}
,
	"MacBook_HD:/Users/macbook/Desktop/FluCoMa Aritcles/hart_article/patches/iter_at_5/Overdrive_0.5_Delay Time_1_Delay Feedback_0.5_Filter Cutoff_0.5_Filter Resonance_0.wav" : 	{
		"numchans" : 1,
		"sr" : 44100,
		"bounds" : [ 1267530, 1290576 ]
	}
,
	"MacBook_HD:/Users/macbook/Desktop/FluCoMa Aritcles/hart_article/patches/iter_at_5/Overdrive_0.5_Delay Time_1_Delay Feedback_0.5_Filter Cutoff_0.5_Filter Resonance_1.wav" : 	{
		"numchans" : 1,
		"sr" : 44100,
		"bounds" : [ 1290576, 1313622 ]
	}
,
	"MacBook_HD:/Users/macbook/Desktop/FluCoMa Aritcles/hart_article/patches/iter_at_5/Overdrive_0.5_Delay Time_1_Delay Feedback_0.5_Filter Cutoff_0_Filter Resonance_0.5.wav" : 	{
		"numchans" : 1,
		"sr" : 44100,
		"bounds" : [ 1313622, 1336668 ]
	}
,
	"MacBook_HD:/Users/macbook/Desktop/FluCoMa Aritcles/hart_article/patches/iter_at_5/Overdrive_0.5_Delay Time_1_Delay Feedback_0.5_Filter Cutoff_0_Filter Resonance_0.wav" : 	{
		"numchans" : 1,
		"sr" : 44100,
		"bounds" : [ 1336668, 1359714 ]
	}
,
	"MacBook_HD:/Users/macbook/Desktop/FluCoMa Aritcles/hart_article/patches/iter_at_5/Overdrive_0.5_Delay Time_1_Delay Feedback_0.5_Filter Cutoff_0_Filter Resonance_1.wav" : 	{
		"numchans" : 1,
		"sr" : 44100,
		"bounds" : [ 1359714, 1382760 ]
	}
,
	"MacBook_HD:/Users/macbook/Desktop/FluCoMa Aritcles/hart_article/patches/iter_at_5/Overdrive_0.5_Delay Time_1_Delay Feedback_0.5_Filter Cutoff_1_Filter Resonance_0.5.wav" : 	{
		"numchans" : 1,
		"sr" : 44100,
		"bounds" : [ 1382760, 1405806 ]
	}
,
	"MacBook_HD:/Users/macbook/Desktop/FluCoMa Aritcles/hart_article/patches/iter_at_5/Overdrive_0.5_Delay Time_1_Delay Feedback_0.5_Filter Cutoff_1_Filter Resonance_0.wav" : 	{
		"numchans" : 1,
		"sr" : 44100,
		"bounds" : [ 1405806, 1428852 ]
	}
,
	"MacBook_HD:/Users/macbook/Desktop/FluCoMa Aritcles/hart_article/patches/iter_at_5/Overdrive_0.5_Delay Time_1_Delay Feedback_0.5_Filter Cutoff_1_Filter Resonance_1.wav" : 	{
		"numchans" : 1,
		"sr" : 44100,
		"bounds" : [ 1428852, 1451898 ]
	}
,
	"MacBook_HD:/Users/macbook/Desktop/FluCoMa Aritcles/hart_article/patches/iter_at_5/Overdrive_0.5_Delay Time_1_Delay Feedback_0_Filter Cutoff_0.5_Filter Resonance_0.5.wav" : 	{
		"numchans" : 1,
		"sr" : 44100,
		"bounds" : [ 1451898, 1474944 ]
	}
,
	"MacBook_HD:/Users/macbook/Desktop/FluCoMa Aritcles/hart_article/patches/iter_at_5/Overdrive_0.5_Delay Time_1_Delay Feedback_0_Filter Cutoff_0.5_Filter Resonance_0.wav" : 	{
		"numchans" : 1,
		"sr" : 44100,
		"bounds" : [ 1474944, 1497990 ]
	}
,
	"MacBook_HD:/Users/macbook/Desktop/FluCoMa Aritcles/hart_article/patches/iter_at_5/Overdrive_0.5_Delay Time_1_Delay Feedback_0_Filter Cutoff_0.5_Filter Resonance_1.wav" : 	{
		"numchans" : 1,
		"sr" : 44100,
		"bounds" : [ 1497990, 1521036 ]
	}
,
	"MacBook_HD:/Users/macbook/Desktop/FluCoMa Aritcles/hart_article/patches/iter_at_5/Overdrive_0.5_Delay Time_1_Delay Feedback_0_Filter Cutoff_0_Filter Resonance_0.5.wav" : 	{
		"numchans" : 1,
		"sr" : 44100,
		"bounds" : [ 1521036, 1544082 ]
	}
,
	"MacBook_HD:/Users/macbook/Desktop/FluCoMa Aritcles/hart_article/patches/iter_at_5/Overdrive_0.5_Delay Time_1_Delay Feedback_0_Filter Cutoff_0_Filter Resonance_0.wav" : 	{
		"numchans" : 1,
		"sr" : 44100,
		"bounds" : [ 1544082, 1567128 ]
	}
,
	"MacBook_HD:/Users/macbook/Desktop/FluCoMa Aritcles/hart_article/patches/iter_at_5/Overdrive_0.5_Delay Time_1_Delay Feedback_0_Filter Cutoff_0_Filter Resonance_1.wav" : 	{
		"numchans" : 1,
		"sr" : 44100,
		"bounds" : [ 1567128, 1590174 ]
	}
,
	"MacBook_HD:/Users/macbook/Desktop/FluCoMa Aritcles/hart_article/patches/iter_at_5/Overdrive_0.5_Delay Time_1_Delay Feedback_0_Filter Cutoff_1_Filter Resonance_0.5.wav" : 	{
		"numchans" : 1,
		"sr" : 44100,
		"bounds" : [ 1590174, 1613220 ]
	}
,
	"MacBook_HD:/Users/macbook/Desktop/FluCoMa Aritcles/hart_article/patches/iter_at_5/Overdrive_0.5_Delay Time_1_Delay Feedback_0_Filter Cutoff_1_Filter Resonance_0.wav" : 	{
		"numchans" : 1,
		"sr" : 44100,
		"bounds" : [ 1613220, 1636266 ]
	}
,
	"MacBook_HD:/Users/macbook/Desktop/FluCoMa Aritcles/hart_article/patches/iter_at_5/Overdrive_0.5_Delay Time_1_Delay Feedback_0_Filter Cutoff_1_Filter Resonance_1.wav" : 	{
		"numchans" : 1,
		"sr" : 44100,
		"bounds" : [ 1636266, 1659312 ]
	}
,
	"MacBook_HD:/Users/macbook/Desktop/FluCoMa Aritcles/hart_article/patches/iter_at_5/Overdrive_0.5_Delay Time_1_Delay Feedback_1_Filter Cutoff_0.5_Filter Resonance_0.5.wav" : 	{
		"numchans" : 1,
		"sr" : 44100,
		"bounds" : [ 1659312, 1682358 ]
	}
,
	"MacBook_HD:/Users/macbook/Desktop/FluCoMa Aritcles/hart_article/patches/iter_at_5/Overdrive_0.5_Delay Time_1_Delay Feedback_1_Filter Cutoff_0.5_Filter Resonance_0.wav" : 	{
		"numchans" : 1,
		"sr" : 44100,
		"bounds" : [ 1682358, 1705404 ]
	}
,
	"MacBook_HD:/Users/macbook/Desktop/FluCoMa Aritcles/hart_article/patches/iter_at_5/Overdrive_0.5_Delay Time_1_Delay Feedback_1_Filter Cutoff_0.5_Filter Resonance_1.wav" : 	{
		"numchans" : 1,
		"sr" : 44100,
		"bounds" : [ 1705404, 1728450 ]
	}
,
	"MacBook_HD:/Users/macbook/Desktop/FluCoMa Aritcles/hart_article/patches/iter_at_5/Overdrive_0.5_Delay Time_1_Delay Feedback_1_Filter Cutoff_0_Filter Resonance_0.5.wav" : 	{
		"numchans" : 1,
		"sr" : 44100,
		"bounds" : [ 1728450, 1751496 ]
	}
,
	"MacBook_HD:/Users/macbook/Desktop/FluCoMa Aritcles/hart_article/patches/iter_at_5/Overdrive_0.5_Delay Time_1_Delay Feedback_1_Filter Cutoff_0_Filter Resonance_0.wav" : 	{
		"numchans" : 1,
		"sr" : 44100,
		"bounds" : [ 1751496, 1774542 ]
	}
,
	"MacBook_HD:/Users/macbook/Desktop/FluCoMa Aritcles/hart_article/patches/iter_at_5/Overdrive_0.5_Delay Time_1_Delay Feedback_1_Filter Cutoff_0_Filter Resonance_1.wav" : 	{
		"numchans" : 1,
		"sr" : 44100,
		"bounds" : [ 1774542, 1797588 ]
	}
,
	"MacBook_HD:/Users/macbook/Desktop/FluCoMa Aritcles/hart_article/patches/iter_at_5/Overdrive_0.5_Delay Time_1_Delay Feedback_1_Filter Cutoff_1_Filter Resonance_0.5.wav" : 	{
		"numchans" : 1,
		"sr" : 44100,
		"bounds" : [ 1797588, 1820634 ]
	}
,
	"MacBook_HD:/Users/macbook/Desktop/FluCoMa Aritcles/hart_article/patches/iter_at_5/Overdrive_0.5_Delay Time_1_Delay Feedback_1_Filter Cutoff_1_Filter Resonance_0.wav" : 	{
		"numchans" : 1,
		"sr" : 44100,
		"bounds" : [ 1820634, 1843680 ]
	}
,
	"MacBook_HD:/Users/macbook/Desktop/FluCoMa Aritcles/hart_article/patches/iter_at_5/Overdrive_0.5_Delay Time_1_Delay Feedback_1_Filter Cutoff_1_Filter Resonance_1.wav" : 	{
		"numchans" : 1,
		"sr" : 44100,
		"bounds" : [ 1843680, 1866726 ]
	}
,
	"MacBook_HD:/Users/macbook/Desktop/FluCoMa Aritcles/hart_article/patches/iter_at_5/Overdrive_0_Delay Time_0.5_Delay Feedback_0.5_Filter Cutoff_0.5_Filter Resonance_0.5.wav" : 	{
		"numchans" : 1,
		"sr" : 44100,
		"bounds" : [ 1866726, 1889772 ]
	}
,
	"MacBook_HD:/Users/macbook/Desktop/FluCoMa Aritcles/hart_article/patches/iter_at_5/Overdrive_0_Delay Time_0.5_Delay Feedback_0.5_Filter Cutoff_0.5_Filter Resonance_0.wav" : 	{
		"numchans" : 1,
		"sr" : 44100,
		"bounds" : [ 1889772, 1912818 ]
	}
,
	"MacBook_HD:/Users/macbook/Desktop/FluCoMa Aritcles/hart_article/patches/iter_at_5/Overdrive_0_Delay Time_0.5_Delay Feedback_0.5_Filter Cutoff_0.5_Filter Resonance_1.wav" : 	{
		"numchans" : 1,
		"sr" : 44100,
		"bounds" : [ 1912818, 1935864 ]
	}
,
	"MacBook_HD:/Users/macbook/Desktop/FluCoMa Aritcles/hart_article/patches/iter_at_5/Overdrive_0_Delay Time_0.5_Delay Feedback_0.5_Filter Cutoff_0_Filter Resonance_0.5.wav" : 	{
		"numchans" : 1,
		"sr" : 44100,
		"bounds" : [ 1935864, 1958910 ]
	}
,
	"MacBook_HD:/Users/macbook/Desktop/FluCoMa Aritcles/hart_article/patches/iter_at_5/Overdrive_0_Delay Time_0.5_Delay Feedback_0.5_Filter Cutoff_0_Filter Resonance_0.wav" : 	{
		"numchans" : 1,
		"sr" : 44100,
		"bounds" : [ 1958910, 1981956 ]
	}
,
	"MacBook_HD:/Users/macbook/Desktop/FluCoMa Aritcles/hart_article/patches/iter_at_5/Overdrive_0_Delay Time_0.5_Delay Feedback_0.5_Filter Cutoff_0_Filter Resonance_1.wav" : 	{
		"numchans" : 1,
		"sr" : 44100,
		"bounds" : [ 1981956, 2005002 ]
	}
,
	"MacBook_HD:/Users/macbook/Desktop/FluCoMa Aritcles/hart_article/patches/iter_at_5/Overdrive_0_Delay Time_0.5_Delay Feedback_0.5_Filter Cutoff_1_Filter Resonance_0.5.wav" : 	{
		"numchans" : 1,
		"sr" : 44100,
		"bounds" : [ 2005002, 2028048 ]
	}
,
	"MacBook_HD:/Users/macbook/Desktop/FluCoMa Aritcles/hart_article/patches/iter_at_5/Overdrive_0_Delay Time_0.5_Delay Feedback_0.5_Filter Cutoff_1_Filter Resonance_0.wav" : 	{
		"numchans" : 1,
		"sr" : 44100,
		"bounds" : [ 2028048, 2051094 ]
	}
,
	"MacBook_HD:/Users/macbook/Desktop/FluCoMa Aritcles/hart_article/patches/iter_at_5/Overdrive_0_Delay Time_0.5_Delay Feedback_0.5_Filter Cutoff_1_Filter Resonance_1.wav" : 	{
		"numchans" : 1,
		"sr" : 44100,
		"bounds" : [ 2051094, 2074140 ]
	}
,
	"MacBook_HD:/Users/macbook/Desktop/FluCoMa Aritcles/hart_article/patches/iter_at_5/Overdrive_0_Delay Time_0.5_Delay Feedback_0_Filter Cutoff_0.5_Filter Resonance_0.5.wav" : 	{
		"numchans" : 1,
		"sr" : 44100,
		"bounds" : [ 2074140, 2097186 ]
	}
,
	"MacBook_HD:/Users/macbook/Desktop/FluCoMa Aritcles/hart_article/patches/iter_at_5/Overdrive_0_Delay Time_0.5_Delay Feedback_0_Filter Cutoff_0.5_Filter Resonance_0.wav" : 	{
		"numchans" : 1,
		"sr" : 44100,
		"bounds" : [ 2097186, 2120232 ]
	}
,
	"MacBook_HD:/Users/macbook/Desktop/FluCoMa Aritcles/hart_article/patches/iter_at_5/Overdrive_0_Delay Time_0.5_Delay Feedback_0_Filter Cutoff_0.5_Filter Resonance_1.wav" : 	{
		"numchans" : 1,
		"sr" : 44100,
		"bounds" : [ 2120232, 2143278 ]
	}
,
	"MacBook_HD:/Users/macbook/Desktop/FluCoMa Aritcles/hart_article/patches/iter_at_5/Overdrive_0_Delay Time_0.5_Delay Feedback_0_Filter Cutoff_0_Filter Resonance_0.5.wav" : 	{
		"numchans" : 1,
		"sr" : 44100,
		"bounds" : [ 2143278, 2166324 ]
	}
,
	"MacBook_HD:/Users/macbook/Desktop/FluCoMa Aritcles/hart_article/patches/iter_at_5/Overdrive_0_Delay Time_0.5_Delay Feedback_0_Filter Cutoff_0_Filter Resonance_0.wav" : 	{
		"numchans" : 1,
		"sr" : 44100,
		"bounds" : [ 2166324, 2189370 ]
	}
,
	"MacBook_HD:/Users/macbook/Desktop/FluCoMa Aritcles/hart_article/patches/iter_at_5/Overdrive_0_Delay Time_0.5_Delay Feedback_0_Filter Cutoff_0_Filter Resonance_1.wav" : 	{
		"numchans" : 1,
		"sr" : 44100,
		"bounds" : [ 2189370, 2212416 ]
	}
,
	"MacBook_HD:/Users/macbook/Desktop/FluCoMa Aritcles/hart_article/patches/iter_at_5/Overdrive_0_Delay Time_0.5_Delay Feedback_0_Filter Cutoff_1_Filter Resonance_0.5.wav" : 	{
		"numchans" : 1,
		"sr" : 44100,
		"bounds" : [ 2212416, 2235462 ]
	}
,
	"MacBook_HD:/Users/macbook/Desktop/FluCoMa Aritcles/hart_article/patches/iter_at_5/Overdrive_0_Delay Time_0.5_Delay Feedback_0_Filter Cutoff_1_Filter Resonance_0.wav" : 	{
		"numchans" : 1,
		"sr" : 44100,
		"bounds" : [ 2235462, 2258508 ]
	}
,
	"MacBook_HD:/Users/macbook/Desktop/FluCoMa Aritcles/hart_article/patches/iter_at_5/Overdrive_0_Delay Time_0.5_Delay Feedback_0_Filter Cutoff_1_Filter Resonance_1.wav" : 	{
		"numchans" : 1,
		"sr" : 44100,
		"bounds" : [ 2258508, 2281554 ]
	}
,
	"MacBook_HD:/Users/macbook/Desktop/FluCoMa Aritcles/hart_article/patches/iter_at_5/Overdrive_0_Delay Time_0.5_Delay Feedback_1_Filter Cutoff_0.5_Filter Resonance_0.5.wav" : 	{
		"numchans" : 1,
		"sr" : 44100,
		"bounds" : [ 2281554, 2304600 ]
	}
,
	"MacBook_HD:/Users/macbook/Desktop/FluCoMa Aritcles/hart_article/patches/iter_at_5/Overdrive_0_Delay Time_0.5_Delay Feedback_1_Filter Cutoff_0.5_Filter Resonance_0.wav" : 	{
		"numchans" : 1,
		"sr" : 44100,
		"bounds" : [ 2304600, 2327646 ]
	}
,
	"MacBook_HD:/Users/macbook/Desktop/FluCoMa Aritcles/hart_article/patches/iter_at_5/Overdrive_0_Delay Time_0.5_Delay Feedback_1_Filter Cutoff_0.5_Filter Resonance_1.wav" : 	{
		"numchans" : 1,
		"sr" : 44100,
		"bounds" : [ 2327646, 2350692 ]
	}
,
	"MacBook_HD:/Users/macbook/Desktop/FluCoMa Aritcles/hart_article/patches/iter_at_5/Overdrive_0_Delay Time_0.5_Delay Feedback_1_Filter Cutoff_0_Filter Resonance_0.5.wav" : 	{
		"numchans" : 1,
		"sr" : 44100,
		"bounds" : [ 2350692, 2373738 ]
	}
,
	"MacBook_HD:/Users/macbook/Desktop/FluCoMa Aritcles/hart_article/patches/iter_at_5/Overdrive_0_Delay Time_0.5_Delay Feedback_1_Filter Cutoff_0_Filter Resonance_0.wav" : 	{
		"numchans" : 1,
		"sr" : 44100,
		"bounds" : [ 2373738, 2396784 ]
	}
,
	"MacBook_HD:/Users/macbook/Desktop/FluCoMa Aritcles/hart_article/patches/iter_at_5/Overdrive_0_Delay Time_0.5_Delay Feedback_1_Filter Cutoff_0_Filter Resonance_1.wav" : 	{
		"numchans" : 1,
		"sr" : 44100,
		"bounds" : [ 2396784, 2419830 ]
	}
,
	"MacBook_HD:/Users/macbook/Desktop/FluCoMa Aritcles/hart_article/patches/iter_at_5/Overdrive_0_Delay Time_0.5_Delay Feedback_1_Filter Cutoff_1_Filter Resonance_0.5.wav" : 	{
		"numchans" : 1,
		"sr" : 44100,
		"bounds" : [ 2419830, 2442876 ]
	}
,
	"MacBook_HD:/Users/macbook/Desktop/FluCoMa Aritcles/hart_article/patches/iter_at_5/Overdrive_0_Delay Time_0.5_Delay Feedback_1_Filter Cutoff_1_Filter Resonance_0.wav" : 	{
		"numchans" : 1,
		"sr" : 44100,
		"bounds" : [ 2442876, 2465922 ]
	}
,
	"MacBook_HD:/Users/macbook/Desktop/FluCoMa Aritcles/hart_article/patches/iter_at_5/Overdrive_0_Delay Time_0.5_Delay Feedback_1_Filter Cutoff_1_Filter Resonance_1.wav" : 	{
		"numchans" : 1,
		"sr" : 44100,
		"bounds" : [ 2465922, 2488968 ]
	}
,
	"MacBook_HD:/Users/macbook/Desktop/FluCoMa Aritcles/hart_article/patches/iter_at_5/Overdrive_0_Delay Time_0_Delay Feedback_0.5_Filter Cutoff_0.5_Filter Resonance_0.5.wav" : 	{
		"numchans" : 1,
		"sr" : 44100,
		"bounds" : [ 2488968, 2512014 ]
	}
,
	"MacBook_HD:/Users/macbook/Desktop/FluCoMa Aritcles/hart_article/patches/iter_at_5/Overdrive_0_Delay Time_0_Delay Feedback_0.5_Filter Cutoff_0.5_Filter Resonance_0.wav" : 	{
		"numchans" : 1,
		"sr" : 44100,
		"bounds" : [ 2512014, 2535060 ]
	}
,
	"MacBook_HD:/Users/macbook/Desktop/FluCoMa Aritcles/hart_article/patches/iter_at_5/Overdrive_0_Delay Time_0_Delay Feedback_0.5_Filter Cutoff_0.5_Filter Resonance_1.wav" : 	{
		"numchans" : 1,
		"sr" : 44100,
		"bounds" : [ 2535060, 2558106 ]
	}
,
	"MacBook_HD:/Users/macbook/Desktop/FluCoMa Aritcles/hart_article/patches/iter_at_5/Overdrive_0_Delay Time_0_Delay Feedback_0.5_Filter Cutoff_0_Filter Resonance_0.5.wav" : 	{
		"numchans" : 1,
		"sr" : 44100,
		"bounds" : [ 2558106, 2581152 ]
	}
,
	"MacBook_HD:/Users/macbook/Desktop/FluCoMa Aritcles/hart_article/patches/iter_at_5/Overdrive_0_Delay Time_0_Delay Feedback_0.5_Filter Cutoff_0_Filter Resonance_0.wav" : 	{
		"numchans" : 1,
		"sr" : 44100,
		"bounds" : [ 2581152, 2604198 ]
	}
,
	"MacBook_HD:/Users/macbook/Desktop/FluCoMa Aritcles/hart_article/patches/iter_at_5/Overdrive_0_Delay Time_0_Delay Feedback_0.5_Filter Cutoff_0_Filter Resonance_1.wav" : 	{
		"numchans" : 1,
		"sr" : 44100,
		"bounds" : [ 2604198, 2627244 ]
	}
,
	"MacBook_HD:/Users/macbook/Desktop/FluCoMa Aritcles/hart_article/patches/iter_at_5/Overdrive_0_Delay Time_0_Delay Feedback_0.5_Filter Cutoff_1_Filter Resonance_0.5.wav" : 	{
		"numchans" : 1,
		"sr" : 44100,
		"bounds" : [ 2627244, 2650290 ]
	}
,
	"MacBook_HD:/Users/macbook/Desktop/FluCoMa Aritcles/hart_article/patches/iter_at_5/Overdrive_0_Delay Time_0_Delay Feedback_0.5_Filter Cutoff_1_Filter Resonance_0.wav" : 	{
		"numchans" : 1,
		"sr" : 44100,
		"bounds" : [ 2650290, 2673336 ]
	}
,
	"MacBook_HD:/Users/macbook/Desktop/FluCoMa Aritcles/hart_article/patches/iter_at_5/Overdrive_0_Delay Time_0_Delay Feedback_0.5_Filter Cutoff_1_Filter Resonance_1.wav" : 	{
		"numchans" : 1,
		"sr" : 44100,
		"bounds" : [ 2673336, 2696382 ]
	}
,
	"MacBook_HD:/Users/macbook/Desktop/FluCoMa Aritcles/hart_article/patches/iter_at_5/Overdrive_0_Delay Time_0_Delay Feedback_0_Filter Cutoff_0.5_Filter Resonance_0.5.wav" : 	{
		"numchans" : 1,
		"sr" : 44100,
		"bounds" : [ 2696382, 2719428 ]
	}
,
	"MacBook_HD:/Users/macbook/Desktop/FluCoMa Aritcles/hart_article/patches/iter_at_5/Overdrive_0_Delay Time_0_Delay Feedback_0_Filter Cutoff_0.5_Filter Resonance_0.wav" : 	{
		"numchans" : 1,
		"sr" : 44100,
		"bounds" : [ 2719428, 2742474 ]
	}
,
	"MacBook_HD:/Users/macbook/Desktop/FluCoMa Aritcles/hart_article/patches/iter_at_5/Overdrive_0_Delay Time_0_Delay Feedback_0_Filter Cutoff_0.5_Filter Resonance_1.wav" : 	{
		"numchans" : 1,
		"sr" : 44100,
		"bounds" : [ 2742474, 2765520 ]
	}
,
	"MacBook_HD:/Users/macbook/Desktop/FluCoMa Aritcles/hart_article/patches/iter_at_5/Overdrive_0_Delay Time_0_Delay Feedback_0_Filter Cutoff_0_Filter Resonance_0.5.wav" : 	{
		"numchans" : 1,
		"sr" : 44100,
		"bounds" : [ 2765520, 2788566 ]
	}
,
	"MacBook_HD:/Users/macbook/Desktop/FluCoMa Aritcles/hart_article/patches/iter_at_5/Overdrive_0_Delay Time_0_Delay Feedback_0_Filter Cutoff_0_Filter Resonance_0.wav" : 	{
		"numchans" : 1,
		"sr" : 44100,
		"bounds" : [ 2788566, 2811612 ]
	}
,
	"MacBook_HD:/Users/macbook/Desktop/FluCoMa Aritcles/hart_article/patches/iter_at_5/Overdrive_0_Delay Time_0_Delay Feedback_0_Filter Cutoff_0_Filter Resonance_1.wav" : 	{
		"numchans" : 1,
		"sr" : 44100,
		"bounds" : [ 2811612, 2834658 ]
	}
,
	"MacBook_HD:/Users/macbook/Desktop/FluCoMa Aritcles/hart_article/patches/iter_at_5/Overdrive_0_Delay Time_0_Delay Feedback_0_Filter Cutoff_1_Filter Resonance_0.5.wav" : 	{
		"numchans" : 1,
		"sr" : 44100,
		"bounds" : [ 2834658, 2857704 ]
	}
,
	"MacBook_HD:/Users/macbook/Desktop/FluCoMa Aritcles/hart_article/patches/iter_at_5/Overdrive_0_Delay Time_0_Delay Feedback_0_Filter Cutoff_1_Filter Resonance_0.wav" : 	{
		"numchans" : 1,
		"sr" : 44100,
		"bounds" : [ 2857704, 2880750 ]
	}
,
	"MacBook_HD:/Users/macbook/Desktop/FluCoMa Aritcles/hart_article/patches/iter_at_5/Overdrive_0_Delay Time_0_Delay Feedback_0_Filter Cutoff_1_Filter Resonance_1.wav" : 	{
		"numchans" : 1,
		"sr" : 44100,
		"bounds" : [ 2880750, 2903796 ]
	}
,
	"MacBook_HD:/Users/macbook/Desktop/FluCoMa Aritcles/hart_article/patches/iter_at_5/Overdrive_0_Delay Time_0_Delay Feedback_1_Filter Cutoff_0.5_Filter Resonance_0.5.wav" : 	{
		"numchans" : 1,
		"sr" : 44100,
		"bounds" : [ 2903796, 2926842 ]
	}
,
	"MacBook_HD:/Users/macbook/Desktop/FluCoMa Aritcles/hart_article/patches/iter_at_5/Overdrive_0_Delay Time_0_Delay Feedback_1_Filter Cutoff_0.5_Filter Resonance_0.wav" : 	{
		"numchans" : 1,
		"sr" : 44100,
		"bounds" : [ 2926842, 2949888 ]
	}
,
	"MacBook_HD:/Users/macbook/Desktop/FluCoMa Aritcles/hart_article/patches/iter_at_5/Overdrive_0_Delay Time_0_Delay Feedback_1_Filter Cutoff_0.5_Filter Resonance_1.wav" : 	{
		"numchans" : 1,
		"sr" : 44100,
		"bounds" : [ 2949888, 2972934 ]
	}
,
	"MacBook_HD:/Users/macbook/Desktop/FluCoMa Aritcles/hart_article/patches/iter_at_5/Overdrive_0_Delay Time_0_Delay Feedback_1_Filter Cutoff_0_Filter Resonance_0.5.wav" : 	{
		"numchans" : 1,
		"sr" : 44100,
		"bounds" : [ 2972934, 2995980 ]
	}
,
	"MacBook_HD:/Users/macbook/Desktop/FluCoMa Aritcles/hart_article/patches/iter_at_5/Overdrive_0_Delay Time_0_Delay Feedback_1_Filter Cutoff_0_Filter Resonance_0.wav" : 	{
		"numchans" : 1,
		"sr" : 44100,
		"bounds" : [ 2995980, 3019026 ]
	}
,
	"MacBook_HD:/Users/macbook/Desktop/FluCoMa Aritcles/hart_article/patches/iter_at_5/Overdrive_0_Delay Time_0_Delay Feedback_1_Filter Cutoff_0_Filter Resonance_1.wav" : 	{
		"numchans" : 1,
		"sr" : 44100,
		"bounds" : [ 3019026, 3042072 ]
	}
,
	"MacBook_HD:/Users/macbook/Desktop/FluCoMa Aritcles/hart_article/patches/iter_at_5/Overdrive_0_Delay Time_0_Delay Feedback_1_Filter Cutoff_1_Filter Resonance_0.5.wav" : 	{
		"numchans" : 1,
		"sr" : 44100,
		"bounds" : [ 3042072, 3065118 ]
	}
,
	"MacBook_HD:/Users/macbook/Desktop/FluCoMa Aritcles/hart_article/patches/iter_at_5/Overdrive_0_Delay Time_0_Delay Feedback_1_Filter Cutoff_1_Filter Resonance_0.wav" : 	{
		"numchans" : 1,
		"sr" : 44100,
		"bounds" : [ 3065118, 3088164 ]
	}
,
	"MacBook_HD:/Users/macbook/Desktop/FluCoMa Aritcles/hart_article/patches/iter_at_5/Overdrive_0_Delay Time_0_Delay Feedback_1_Filter Cutoff_1_Filter Resonance_1.wav" : 	{
		"numchans" : 1,
		"sr" : 44100,
		"bounds" : [ 3088164, 3111210 ]
	}
,
	"MacBook_HD:/Users/macbook/Desktop/FluCoMa Aritcles/hart_article/patches/iter_at_5/Overdrive_0_Delay Time_1_Delay Feedback_0.5_Filter Cutoff_0.5_Filter Resonance_0.5.wav" : 	{
		"numchans" : 1,
		"sr" : 44100,
		"bounds" : [ 3111210, 3134256 ]
	}
,
	"MacBook_HD:/Users/macbook/Desktop/FluCoMa Aritcles/hart_article/patches/iter_at_5/Overdrive_0_Delay Time_1_Delay Feedback_0.5_Filter Cutoff_0.5_Filter Resonance_0.wav" : 	{
		"numchans" : 1,
		"sr" : 44100,
		"bounds" : [ 3134256, 3157302 ]
	}
,
	"MacBook_HD:/Users/macbook/Desktop/FluCoMa Aritcles/hart_article/patches/iter_at_5/Overdrive_0_Delay Time_1_Delay Feedback_0.5_Filter Cutoff_0.5_Filter Resonance_1.wav" : 	{
		"numchans" : 1,
		"sr" : 44100,
		"bounds" : [ 3157302, 3180348 ]
	}
,
	"MacBook_HD:/Users/macbook/Desktop/FluCoMa Aritcles/hart_article/patches/iter_at_5/Overdrive_0_Delay Time_1_Delay Feedback_0.5_Filter Cutoff_0_Filter Resonance_0.5.wav" : 	{
		"numchans" : 1,
		"sr" : 44100,
		"bounds" : [ 3180348, 3203394 ]
	}
,
	"MacBook_HD:/Users/macbook/Desktop/FluCoMa Aritcles/hart_article/patches/iter_at_5/Overdrive_0_Delay Time_1_Delay Feedback_0.5_Filter Cutoff_0_Filter Resonance_0.wav" : 	{
		"numchans" : 1,
		"sr" : 44100,
		"bounds" : [ 3203394, 3226440 ]
	}
,
	"MacBook_HD:/Users/macbook/Desktop/FluCoMa Aritcles/hart_article/patches/iter_at_5/Overdrive_0_Delay Time_1_Delay Feedback_0.5_Filter Cutoff_0_Filter Resonance_1.wav" : 	{
		"numchans" : 1,
		"sr" : 44100,
		"bounds" : [ 3226440, 3249486 ]
	}
,
	"MacBook_HD:/Users/macbook/Desktop/FluCoMa Aritcles/hart_article/patches/iter_at_5/Overdrive_0_Delay Time_1_Delay Feedback_0.5_Filter Cutoff_1_Filter Resonance_0.5.wav" : 	{
		"numchans" : 1,
		"sr" : 44100,
		"bounds" : [ 3249486, 3272532 ]
	}
,
	"MacBook_HD:/Users/macbook/Desktop/FluCoMa Aritcles/hart_article/patches/iter_at_5/Overdrive_0_Delay Time_1_Delay Feedback_0.5_Filter Cutoff_1_Filter Resonance_0.wav" : 	{
		"numchans" : 1,
		"sr" : 44100,
		"bounds" : [ 3272532, 3295578 ]
	}
,
	"MacBook_HD:/Users/macbook/Desktop/FluCoMa Aritcles/hart_article/patches/iter_at_5/Overdrive_0_Delay Time_1_Delay Feedback_0.5_Filter Cutoff_1_Filter Resonance_1.wav" : 	{
		"numchans" : 1,
		"sr" : 44100,
		"bounds" : [ 3295578, 3318624 ]
	}
,
	"MacBook_HD:/Users/macbook/Desktop/FluCoMa Aritcles/hart_article/patches/iter_at_5/Overdrive_0_Delay Time_1_Delay Feedback_0_Filter Cutoff_0.5_Filter Resonance_0.5.wav" : 	{
		"numchans" : 1,
		"sr" : 44100,
		"bounds" : [ 3318624, 3341670 ]
	}
,
	"MacBook_HD:/Users/macbook/Desktop/FluCoMa Aritcles/hart_article/patches/iter_at_5/Overdrive_0_Delay Time_1_Delay Feedback_0_Filter Cutoff_0.5_Filter Resonance_0.wav" : 	{
		"numchans" : 1,
		"sr" : 44100,
		"bounds" : [ 3341670, 3364716 ]
	}
,
	"MacBook_HD:/Users/macbook/Desktop/FluCoMa Aritcles/hart_article/patches/iter_at_5/Overdrive_0_Delay Time_1_Delay Feedback_0_Filter Cutoff_0.5_Filter Resonance_1.wav" : 	{
		"numchans" : 1,
		"sr" : 44100,
		"bounds" : [ 3364716, 3387762 ]
	}
,
	"MacBook_HD:/Users/macbook/Desktop/FluCoMa Aritcles/hart_article/patches/iter_at_5/Overdrive_0_Delay Time_1_Delay Feedback_0_Filter Cutoff_0_Filter Resonance_0.5.wav" : 	{
		"numchans" : 1,
		"sr" : 44100,
		"bounds" : [ 3387762, 3410808 ]
	}
,
	"MacBook_HD:/Users/macbook/Desktop/FluCoMa Aritcles/hart_article/patches/iter_at_5/Overdrive_0_Delay Time_1_Delay Feedback_0_Filter Cutoff_0_Filter Resonance_0.wav" : 	{
		"numchans" : 1,
		"sr" : 44100,
		"bounds" : [ 3410808, 3433854 ]
	}
,
	"MacBook_HD:/Users/macbook/Desktop/FluCoMa Aritcles/hart_article/patches/iter_at_5/Overdrive_0_Delay Time_1_Delay Feedback_0_Filter Cutoff_0_Filter Resonance_1.wav" : 	{
		"numchans" : 1,
		"sr" : 44100,
		"bounds" : [ 3433854, 3456900 ]
	}
,
	"MacBook_HD:/Users/macbook/Desktop/FluCoMa Aritcles/hart_article/patches/iter_at_5/Overdrive_0_Delay Time_1_Delay Feedback_0_Filter Cutoff_1_Filter Resonance_0.5.wav" : 	{
		"numchans" : 1,
		"sr" : 44100,
		"bounds" : [ 3456900, 3479946 ]
	}
,
	"MacBook_HD:/Users/macbook/Desktop/FluCoMa Aritcles/hart_article/patches/iter_at_5/Overdrive_0_Delay Time_1_Delay Feedback_0_Filter Cutoff_1_Filter Resonance_0.wav" : 	{
		"numchans" : 1,
		"sr" : 44100,
		"bounds" : [ 3479946, 3502992 ]
	}
,
	"MacBook_HD:/Users/macbook/Desktop/FluCoMa Aritcles/hart_article/patches/iter_at_5/Overdrive_0_Delay Time_1_Delay Feedback_0_Filter Cutoff_1_Filter Resonance_1.wav" : 	{
		"numchans" : 1,
		"sr" : 44100,
		"bounds" : [ 3502992, 3526038 ]
	}
,
	"MacBook_HD:/Users/macbook/Desktop/FluCoMa Aritcles/hart_article/patches/iter_at_5/Overdrive_0_Delay Time_1_Delay Feedback_1_Filter Cutoff_0.5_Filter Resonance_0.5.wav" : 	{
		"numchans" : 1,
		"sr" : 44100,
		"bounds" : [ 3526038, 3549084 ]
	}
,
	"MacBook_HD:/Users/macbook/Desktop/FluCoMa Aritcles/hart_article/patches/iter_at_5/Overdrive_0_Delay Time_1_Delay Feedback_1_Filter Cutoff_0.5_Filter Resonance_0.wav" : 	{
		"numchans" : 1,
		"sr" : 44100,
		"bounds" : [ 3549084, 3572130 ]
	}
,
	"MacBook_HD:/Users/macbook/Desktop/FluCoMa Aritcles/hart_article/patches/iter_at_5/Overdrive_0_Delay Time_1_Delay Feedback_1_Filter Cutoff_0.5_Filter Resonance_1.wav" : 	{
		"numchans" : 1,
		"sr" : 44100,
		"bounds" : [ 3572130, 3595176 ]
	}
,
	"MacBook_HD:/Users/macbook/Desktop/FluCoMa Aritcles/hart_article/patches/iter_at_5/Overdrive_0_Delay Time_1_Delay Feedback_1_Filter Cutoff_0_Filter Resonance_0.5.wav" : 	{
		"numchans" : 1,
		"sr" : 44100,
		"bounds" : [ 3595176, 3618222 ]
	}
,
	"MacBook_HD:/Users/macbook/Desktop/FluCoMa Aritcles/hart_article/patches/iter_at_5/Overdrive_0_Delay Time_1_Delay Feedback_1_Filter Cutoff_0_Filter Resonance_0.wav" : 	{
		"numchans" : 1,
		"sr" : 44100,
		"bounds" : [ 3618222, 3641268 ]
	}
,
	"MacBook_HD:/Users/macbook/Desktop/FluCoMa Aritcles/hart_article/patches/iter_at_5/Overdrive_0_Delay Time_1_Delay Feedback_1_Filter Cutoff_0_Filter Resonance_1.wav" : 	{
		"numchans" : 1,
		"sr" : 44100,
		"bounds" : [ 3641268, 3664314 ]
	}
,
	"MacBook_HD:/Users/macbook/Desktop/FluCoMa Aritcles/hart_article/patches/iter_at_5/Overdrive_0_Delay Time_1_Delay Feedback_1_Filter Cutoff_1_Filter Resonance_0.5.wav" : 	{
		"numchans" : 1,
		"sr" : 44100,
		"bounds" : [ 3664314, 3687360 ]
	}
,
	"MacBook_HD:/Users/macbook/Desktop/FluCoMa Aritcles/hart_article/patches/iter_at_5/Overdrive_0_Delay Time_1_Delay Feedback_1_Filter Cutoff_1_Filter Resonance_0.wav" : 	{
		"numchans" : 1,
		"sr" : 44100,
		"bounds" : [ 3687360, 3710406 ]
	}
,
	"MacBook_HD:/Users/macbook/Desktop/FluCoMa Aritcles/hart_article/patches/iter_at_5/Overdrive_0_Delay Time_1_Delay Feedback_1_Filter Cutoff_1_Filter Resonance_1.wav" : 	{
		"numchans" : 1,
		"sr" : 44100,
		"bounds" : [ 3710406, 3733452 ]
	}
,
	"MacBook_HD:/Users/macbook/Desktop/FluCoMa Aritcles/hart_article/patches/iter_at_5/Overdrive_1_Delay Time_0.5_Delay Feedback_0.5_Filter Cutoff_0.5_Filter Resonance_0.5.wav" : 	{
		"numchans" : 1,
		"sr" : 44100,
		"bounds" : [ 3733452, 3756498 ]
	}
,
	"MacBook_HD:/Users/macbook/Desktop/FluCoMa Aritcles/hart_article/patches/iter_at_5/Overdrive_1_Delay Time_0.5_Delay Feedback_0.5_Filter Cutoff_0.5_Filter Resonance_0.wav" : 	{
		"numchans" : 1,
		"sr" : 44100,
		"bounds" : [ 3756498, 3779544 ]
	}
,
	"MacBook_HD:/Users/macbook/Desktop/FluCoMa Aritcles/hart_article/patches/iter_at_5/Overdrive_1_Delay Time_0.5_Delay Feedback_0.5_Filter Cutoff_0.5_Filter Resonance_1.wav" : 	{
		"numchans" : 1,
		"sr" : 44100,
		"bounds" : [ 3779544, 3802590 ]
	}
,
	"MacBook_HD:/Users/macbook/Desktop/FluCoMa Aritcles/hart_article/patches/iter_at_5/Overdrive_1_Delay Time_0.5_Delay Feedback_0.5_Filter Cutoff_0_Filter Resonance_0.5.wav" : 	{
		"numchans" : 1,
		"sr" : 44100,
		"bounds" : [ 3802590, 3825636 ]
	}
,
	"MacBook_HD:/Users/macbook/Desktop/FluCoMa Aritcles/hart_article/patches/iter_at_5/Overdrive_1_Delay Time_0.5_Delay Feedback_0.5_Filter Cutoff_0_Filter Resonance_0.wav" : 	{
		"numchans" : 1,
		"sr" : 44100,
		"bounds" : [ 3825636, 3848682 ]
	}
,
	"MacBook_HD:/Users/macbook/Desktop/FluCoMa Aritcles/hart_article/patches/iter_at_5/Overdrive_1_Delay Time_0.5_Delay Feedback_0.5_Filter Cutoff_0_Filter Resonance_1.wav" : 	{
		"numchans" : 1,
		"sr" : 44100,
		"bounds" : [ 3848682, 3871728 ]
	}
,
	"MacBook_HD:/Users/macbook/Desktop/FluCoMa Aritcles/hart_article/patches/iter_at_5/Overdrive_1_Delay Time_0.5_Delay Feedback_0.5_Filter Cutoff_1_Filter Resonance_0.5.wav" : 	{
		"numchans" : 1,
		"sr" : 44100,
		"bounds" : [ 3871728, 3894774 ]
	}
,
	"MacBook_HD:/Users/macbook/Desktop/FluCoMa Aritcles/hart_article/patches/iter_at_5/Overdrive_1_Delay Time_0.5_Delay Feedback_0.5_Filter Cutoff_1_Filter Resonance_0.wav" : 	{
		"numchans" : 1,
		"sr" : 44100,
		"bounds" : [ 3894774, 3917820 ]
	}
,
	"MacBook_HD:/Users/macbook/Desktop/FluCoMa Aritcles/hart_article/patches/iter_at_5/Overdrive_1_Delay Time_0.5_Delay Feedback_0.5_Filter Cutoff_1_Filter Resonance_1.wav" : 	{
		"numchans" : 1,
		"sr" : 44100,
		"bounds" : [ 3917820, 3940866 ]
	}
,
	"MacBook_HD:/Users/macbook/Desktop/FluCoMa Aritcles/hart_article/patches/iter_at_5/Overdrive_1_Delay Time_0.5_Delay Feedback_0_Filter Cutoff_0.5_Filter Resonance_0.5.wav" : 	{
		"numchans" : 1,
		"sr" : 44100,
		"bounds" : [ 3940866, 3963912 ]
	}
,
	"MacBook_HD:/Users/macbook/Desktop/FluCoMa Aritcles/hart_article/patches/iter_at_5/Overdrive_1_Delay Time_0.5_Delay Feedback_0_Filter Cutoff_0.5_Filter Resonance_0.wav" : 	{
		"numchans" : 1,
		"sr" : 44100,
		"bounds" : [ 3963912, 3986958 ]
	}
,
	"MacBook_HD:/Users/macbook/Desktop/FluCoMa Aritcles/hart_article/patches/iter_at_5/Overdrive_1_Delay Time_0.5_Delay Feedback_0_Filter Cutoff_0.5_Filter Resonance_1.wav" : 	{
		"numchans" : 1,
		"sr" : 44100,
		"bounds" : [ 3986958, 4010004 ]
	}
,
	"MacBook_HD:/Users/macbook/Desktop/FluCoMa Aritcles/hart_article/patches/iter_at_5/Overdrive_1_Delay Time_0.5_Delay Feedback_0_Filter Cutoff_0_Filter Resonance_0.5.wav" : 	{
		"numchans" : 1,
		"sr" : 44100,
		"bounds" : [ 4010004, 4033050 ]
	}
,
	"MacBook_HD:/Users/macbook/Desktop/FluCoMa Aritcles/hart_article/patches/iter_at_5/Overdrive_1_Delay Time_0.5_Delay Feedback_0_Filter Cutoff_0_Filter Resonance_0.wav" : 	{
		"numchans" : 1,
		"sr" : 44100,
		"bounds" : [ 4033050, 4056096 ]
	}
,
	"MacBook_HD:/Users/macbook/Desktop/FluCoMa Aritcles/hart_article/patches/iter_at_5/Overdrive_1_Delay Time_0.5_Delay Feedback_0_Filter Cutoff_0_Filter Resonance_1.wav" : 	{
		"numchans" : 1,
		"sr" : 44100,
		"bounds" : [ 4056096, 4079142 ]
	}
,
	"MacBook_HD:/Users/macbook/Desktop/FluCoMa Aritcles/hart_article/patches/iter_at_5/Overdrive_1_Delay Time_0.5_Delay Feedback_0_Filter Cutoff_1_Filter Resonance_0.5.wav" : 	{
		"numchans" : 1,
		"sr" : 44100,
		"bounds" : [ 4079142, 4102188 ]
	}
,
	"MacBook_HD:/Users/macbook/Desktop/FluCoMa Aritcles/hart_article/patches/iter_at_5/Overdrive_1_Delay Time_0.5_Delay Feedback_0_Filter Cutoff_1_Filter Resonance_0.wav" : 	{
		"numchans" : 1,
		"sr" : 44100,
		"bounds" : [ 4102188, 4125234 ]
	}
,
	"MacBook_HD:/Users/macbook/Desktop/FluCoMa Aritcles/hart_article/patches/iter_at_5/Overdrive_1_Delay Time_0.5_Delay Feedback_0_Filter Cutoff_1_Filter Resonance_1.wav" : 	{
		"numchans" : 1,
		"sr" : 44100,
		"bounds" : [ 4125234, 4148280 ]
	}
,
	"MacBook_HD:/Users/macbook/Desktop/FluCoMa Aritcles/hart_article/patches/iter_at_5/Overdrive_1_Delay Time_0.5_Delay Feedback_1_Filter Cutoff_0.5_Filter Resonance_0.5.wav" : 	{
		"numchans" : 1,
		"sr" : 44100,
		"bounds" : [ 4148280, 4171326 ]
	}
,
	"MacBook_HD:/Users/macbook/Desktop/FluCoMa Aritcles/hart_article/patches/iter_at_5/Overdrive_1_Delay Time_0.5_Delay Feedback_1_Filter Cutoff_0.5_Filter Resonance_0.wav" : 	{
		"numchans" : 1,
		"sr" : 44100,
		"bounds" : [ 4171326, 4194372 ]
	}
,
	"MacBook_HD:/Users/macbook/Desktop/FluCoMa Aritcles/hart_article/patches/iter_at_5/Overdrive_1_Delay Time_0.5_Delay Feedback_1_Filter Cutoff_0.5_Filter Resonance_1.wav" : 	{
		"numchans" : 1,
		"sr" : 44100,
		"bounds" : [ 4194372, 4217418 ]
	}
,
	"MacBook_HD:/Users/macbook/Desktop/FluCoMa Aritcles/hart_article/patches/iter_at_5/Overdrive_1_Delay Time_0.5_Delay Feedback_1_Filter Cutoff_0_Filter Resonance_0.5.wav" : 	{
		"numchans" : 1,
		"sr" : 44100,
		"bounds" : [ 4217418, 4240464 ]
	}
,
	"MacBook_HD:/Users/macbook/Desktop/FluCoMa Aritcles/hart_article/patches/iter_at_5/Overdrive_1_Delay Time_0.5_Delay Feedback_1_Filter Cutoff_0_Filter Resonance_0.wav" : 	{
		"numchans" : 1,
		"sr" : 44100,
		"bounds" : [ 4240464, 4263510 ]
	}
,
	"MacBook_HD:/Users/macbook/Desktop/FluCoMa Aritcles/hart_article/patches/iter_at_5/Overdrive_1_Delay Time_0.5_Delay Feedback_1_Filter Cutoff_0_Filter Resonance_1.wav" : 	{
		"numchans" : 1,
		"sr" : 44100,
		"bounds" : [ 4263510, 4286556 ]
	}
,
	"MacBook_HD:/Users/macbook/Desktop/FluCoMa Aritcles/hart_article/patches/iter_at_5/Overdrive_1_Delay Time_0.5_Delay Feedback_1_Filter Cutoff_1_Filter Resonance_0.5.wav" : 	{
		"numchans" : 1,
		"sr" : 44100,
		"bounds" : [ 4286556, 4309602 ]
	}
,
	"MacBook_HD:/Users/macbook/Desktop/FluCoMa Aritcles/hart_article/patches/iter_at_5/Overdrive_1_Delay Time_0.5_Delay Feedback_1_Filter Cutoff_1_Filter Resonance_0.wav" : 	{
		"numchans" : 1,
		"sr" : 44100,
		"bounds" : [ 4309602, 4332648 ]
	}
,
	"MacBook_HD:/Users/macbook/Desktop/FluCoMa Aritcles/hart_article/patches/iter_at_5/Overdrive_1_Delay Time_0.5_Delay Feedback_1_Filter Cutoff_1_Filter Resonance_1.wav" : 	{
		"numchans" : 1,
		"sr" : 44100,
		"bounds" : [ 4332648, 4355694 ]
	}
,
	"MacBook_HD:/Users/macbook/Desktop/FluCoMa Aritcles/hart_article/patches/iter_at_5/Overdrive_1_Delay Time_0_Delay Feedback_0.5_Filter Cutoff_0.5_Filter Resonance_0.5.wav" : 	{
		"numchans" : 1,
		"sr" : 44100,
		"bounds" : [ 4355694, 4378740 ]
	}
,
	"MacBook_HD:/Users/macbook/Desktop/FluCoMa Aritcles/hart_article/patches/iter_at_5/Overdrive_1_Delay Time_0_Delay Feedback_0.5_Filter Cutoff_0.5_Filter Resonance_0.wav" : 	{
		"numchans" : 1,
		"sr" : 44100,
		"bounds" : [ 4378740, 4401786 ]
	}
,
	"MacBook_HD:/Users/macbook/Desktop/FluCoMa Aritcles/hart_article/patches/iter_at_5/Overdrive_1_Delay Time_0_Delay Feedback_0.5_Filter Cutoff_0.5_Filter Resonance_1.wav" : 	{
		"numchans" : 1,
		"sr" : 44100,
		"bounds" : [ 4401786, 4424832 ]
	}
,
	"MacBook_HD:/Users/macbook/Desktop/FluCoMa Aritcles/hart_article/patches/iter_at_5/Overdrive_1_Delay Time_0_Delay Feedback_0.5_Filter Cutoff_0_Filter Resonance_0.5.wav" : 	{
		"numchans" : 1,
		"sr" : 44100,
		"bounds" : [ 4424832, 4447878 ]
	}
,
	"MacBook_HD:/Users/macbook/Desktop/FluCoMa Aritcles/hart_article/patches/iter_at_5/Overdrive_1_Delay Time_0_Delay Feedback_0.5_Filter Cutoff_0_Filter Resonance_0.wav" : 	{
		"numchans" : 1,
		"sr" : 44100,
		"bounds" : [ 4447878, 4470924 ]
	}
,
	"MacBook_HD:/Users/macbook/Desktop/FluCoMa Aritcles/hart_article/patches/iter_at_5/Overdrive_1_Delay Time_0_Delay Feedback_0.5_Filter Cutoff_0_Filter Resonance_1.wav" : 	{
		"numchans" : 1,
		"sr" : 44100,
		"bounds" : [ 4470924, 4493970 ]
	}
,
	"MacBook_HD:/Users/macbook/Desktop/FluCoMa Aritcles/hart_article/patches/iter_at_5/Overdrive_1_Delay Time_0_Delay Feedback_0.5_Filter Cutoff_1_Filter Resonance_0.5.wav" : 	{
		"numchans" : 1,
		"sr" : 44100,
		"bounds" : [ 4493970, 4517016 ]
	}
,
	"MacBook_HD:/Users/macbook/Desktop/FluCoMa Aritcles/hart_article/patches/iter_at_5/Overdrive_1_Delay Time_0_Delay Feedback_0.5_Filter Cutoff_1_Filter Resonance_0.wav" : 	{
		"numchans" : 1,
		"sr" : 44100,
		"bounds" : [ 4517016, 4540062 ]
	}
,
	"MacBook_HD:/Users/macbook/Desktop/FluCoMa Aritcles/hart_article/patches/iter_at_5/Overdrive_1_Delay Time_0_Delay Feedback_0.5_Filter Cutoff_1_Filter Resonance_1.wav" : 	{
		"numchans" : 1,
		"sr" : 44100,
		"bounds" : [ 4540062, 4563108 ]
	}
,
	"MacBook_HD:/Users/macbook/Desktop/FluCoMa Aritcles/hart_article/patches/iter_at_5/Overdrive_1_Delay Time_0_Delay Feedback_0_Filter Cutoff_0.5_Filter Resonance_0.5.wav" : 	{
		"numchans" : 1,
		"sr" : 44100,
		"bounds" : [ 4563108, 4586154 ]
	}
,
	"MacBook_HD:/Users/macbook/Desktop/FluCoMa Aritcles/hart_article/patches/iter_at_5/Overdrive_1_Delay Time_0_Delay Feedback_0_Filter Cutoff_0.5_Filter Resonance_0.wav" : 	{
		"numchans" : 1,
		"sr" : 44100,
		"bounds" : [ 4586154, 4609200 ]
	}
,
	"MacBook_HD:/Users/macbook/Desktop/FluCoMa Aritcles/hart_article/patches/iter_at_5/Overdrive_1_Delay Time_0_Delay Feedback_0_Filter Cutoff_0.5_Filter Resonance_1.wav" : 	{
		"numchans" : 1,
		"sr" : 44100,
		"bounds" : [ 4609200, 4632246 ]
	}
,
	"MacBook_HD:/Users/macbook/Desktop/FluCoMa Aritcles/hart_article/patches/iter_at_5/Overdrive_1_Delay Time_0_Delay Feedback_0_Filter Cutoff_0_Filter Resonance_0.5.wav" : 	{
		"numchans" : 1,
		"sr" : 44100,
		"bounds" : [ 4632246, 4655292 ]
	}
,
	"MacBook_HD:/Users/macbook/Desktop/FluCoMa Aritcles/hart_article/patches/iter_at_5/Overdrive_1_Delay Time_0_Delay Feedback_0_Filter Cutoff_0_Filter Resonance_0.wav" : 	{
		"numchans" : 1,
		"sr" : 44100,
		"bounds" : [ 4655292, 4678338 ]
	}
,
	"MacBook_HD:/Users/macbook/Desktop/FluCoMa Aritcles/hart_article/patches/iter_at_5/Overdrive_1_Delay Time_0_Delay Feedback_0_Filter Cutoff_0_Filter Resonance_1.wav" : 	{
		"numchans" : 1,
		"sr" : 44100,
		"bounds" : [ 4678338, 4701384 ]
	}
,
	"MacBook_HD:/Users/macbook/Desktop/FluCoMa Aritcles/hart_article/patches/iter_at_5/Overdrive_1_Delay Time_0_Delay Feedback_0_Filter Cutoff_1_Filter Resonance_0.5.wav" : 	{
		"numchans" : 1,
		"sr" : 44100,
		"bounds" : [ 4701384, 4724430 ]
	}
,
	"MacBook_HD:/Users/macbook/Desktop/FluCoMa Aritcles/hart_article/patches/iter_at_5/Overdrive_1_Delay Time_0_Delay Feedback_0_Filter Cutoff_1_Filter Resonance_0.wav" : 	{
		"numchans" : 1,
		"sr" : 44100,
		"bounds" : [ 4724430, 4747476 ]
	}
,
	"MacBook_HD:/Users/macbook/Desktop/FluCoMa Aritcles/hart_article/patches/iter_at_5/Overdrive_1_Delay Time_0_Delay Feedback_0_Filter Cutoff_1_Filter Resonance_1.wav" : 	{
		"numchans" : 1,
		"sr" : 44100,
		"bounds" : [ 4747476, 4770522 ]
	}
,
	"MacBook_HD:/Users/macbook/Desktop/FluCoMa Aritcles/hart_article/patches/iter_at_5/Overdrive_1_Delay Time_0_Delay Feedback_1_Filter Cutoff_0.5_Filter Resonance_0.5.wav" : 	{
		"numchans" : 1,
		"sr" : 44100,
		"bounds" : [ 4770522, 4793568 ]
	}
,
	"MacBook_HD:/Users/macbook/Desktop/FluCoMa Aritcles/hart_article/patches/iter_at_5/Overdrive_1_Delay Time_0_Delay Feedback_1_Filter Cutoff_0.5_Filter Resonance_0.wav" : 	{
		"numchans" : 1,
		"sr" : 44100,
		"bounds" : [ 4793568, 4816614 ]
	}
,
	"MacBook_HD:/Users/macbook/Desktop/FluCoMa Aritcles/hart_article/patches/iter_at_5/Overdrive_1_Delay Time_0_Delay Feedback_1_Filter Cutoff_0.5_Filter Resonance_1.wav" : 	{
		"numchans" : 1,
		"sr" : 44100,
		"bounds" : [ 4816614, 4839660 ]
	}
,
	"MacBook_HD:/Users/macbook/Desktop/FluCoMa Aritcles/hart_article/patches/iter_at_5/Overdrive_1_Delay Time_0_Delay Feedback_1_Filter Cutoff_0_Filter Resonance_0.5.wav" : 	{
		"numchans" : 1,
		"sr" : 44100,
		"bounds" : [ 4839660, 4862706 ]
	}
,
	"MacBook_HD:/Users/macbook/Desktop/FluCoMa Aritcles/hart_article/patches/iter_at_5/Overdrive_1_Delay Time_0_Delay Feedback_1_Filter Cutoff_0_Filter Resonance_0.wav" : 	{
		"numchans" : 1,
		"sr" : 44100,
		"bounds" : [ 4862706, 4885752 ]
	}
,
	"MacBook_HD:/Users/macbook/Desktop/FluCoMa Aritcles/hart_article/patches/iter_at_5/Overdrive_1_Delay Time_0_Delay Feedback_1_Filter Cutoff_0_Filter Resonance_1.wav" : 	{
		"numchans" : 1,
		"sr" : 44100,
		"bounds" : [ 4885752, 4908798 ]
	}
,
	"MacBook_HD:/Users/macbook/Desktop/FluCoMa Aritcles/hart_article/patches/iter_at_5/Overdrive_1_Delay Time_0_Delay Feedback_1_Filter Cutoff_1_Filter Resonance_0.5.wav" : 	{
		"numchans" : 1,
		"sr" : 44100,
		"bounds" : [ 4908798, 4931844 ]
	}
,
	"MacBook_HD:/Users/macbook/Desktop/FluCoMa Aritcles/hart_article/patches/iter_at_5/Overdrive_1_Delay Time_0_Delay Feedback_1_Filter Cutoff_1_Filter Resonance_0.wav" : 	{
		"numchans" : 1,
		"sr" : 44100,
		"bounds" : [ 4931844, 4954890 ]
	}
,
	"MacBook_HD:/Users/macbook/Desktop/FluCoMa Aritcles/hart_article/patches/iter_at_5/Overdrive_1_Delay Time_0_Delay Feedback_1_Filter Cutoff_1_Filter Resonance_1.wav" : 	{
		"numchans" : 1,
		"sr" : 44100,
		"bounds" : [ 4954890, 4977936 ]
	}
,
	"MacBook_HD:/Users/macbook/Desktop/FluCoMa Aritcles/hart_article/patches/iter_at_5/Overdrive_1_Delay Time_1_Delay Feedback_0.5_Filter Cutoff_0.5_Filter Resonance_0.5.wav" : 	{
		"numchans" : 1,
		"sr" : 44100,
		"bounds" : [ 4977936, 5000982 ]
	}
,
	"MacBook_HD:/Users/macbook/Desktop/FluCoMa Aritcles/hart_article/patches/iter_at_5/Overdrive_1_Delay Time_1_Delay Feedback_0.5_Filter Cutoff_0.5_Filter Resonance_0.wav" : 	{
		"numchans" : 1,
		"sr" : 44100,
		"bounds" : [ 5000982, 5024028 ]
	}
,
	"MacBook_HD:/Users/macbook/Desktop/FluCoMa Aritcles/hart_article/patches/iter_at_5/Overdrive_1_Delay Time_1_Delay Feedback_0.5_Filter Cutoff_0.5_Filter Resonance_1.wav" : 	{
		"numchans" : 1,
		"sr" : 44100,
		"bounds" : [ 5024028, 5047074 ]
	}
,
	"MacBook_HD:/Users/macbook/Desktop/FluCoMa Aritcles/hart_article/patches/iter_at_5/Overdrive_1_Delay Time_1_Delay Feedback_0.5_Filter Cutoff_0_Filter Resonance_0.5.wav" : 	{
		"numchans" : 1,
		"sr" : 44100,
		"bounds" : [ 5047074, 5070120 ]
	}
,
	"MacBook_HD:/Users/macbook/Desktop/FluCoMa Aritcles/hart_article/patches/iter_at_5/Overdrive_1_Delay Time_1_Delay Feedback_0.5_Filter Cutoff_0_Filter Resonance_0.wav" : 	{
		"numchans" : 1,
		"sr" : 44100,
		"bounds" : [ 5070120, 5093166 ]
	}
,
	"MacBook_HD:/Users/macbook/Desktop/FluCoMa Aritcles/hart_article/patches/iter_at_5/Overdrive_1_Delay Time_1_Delay Feedback_0.5_Filter Cutoff_0_Filter Resonance_1.wav" : 	{
		"numchans" : 1,
		"sr" : 44100,
		"bounds" : [ 5093166, 5116212 ]
	}
,
	"MacBook_HD:/Users/macbook/Desktop/FluCoMa Aritcles/hart_article/patches/iter_at_5/Overdrive_1_Delay Time_1_Delay Feedback_0.5_Filter Cutoff_1_Filter Resonance_0.5.wav" : 	{
		"numchans" : 1,
		"sr" : 44100,
		"bounds" : [ 5116212, 5139258 ]
	}
,
	"MacBook_HD:/Users/macbook/Desktop/FluCoMa Aritcles/hart_article/patches/iter_at_5/Overdrive_1_Delay Time_1_Delay Feedback_0.5_Filter Cutoff_1_Filter Resonance_0.wav" : 	{
		"numchans" : 1,
		"sr" : 44100,
		"bounds" : [ 5139258, 5162304 ]
	}
,
	"MacBook_HD:/Users/macbook/Desktop/FluCoMa Aritcles/hart_article/patches/iter_at_5/Overdrive_1_Delay Time_1_Delay Feedback_0.5_Filter Cutoff_1_Filter Resonance_1.wav" : 	{
		"numchans" : 1,
		"sr" : 44100,
		"bounds" : [ 5162304, 5185350 ]
	}
,
	"MacBook_HD:/Users/macbook/Desktop/FluCoMa Aritcles/hart_article/patches/iter_at_5/Overdrive_1_Delay Time_1_Delay Feedback_0_Filter Cutoff_0.5_Filter Resonance_0.5.wav" : 	{
		"numchans" : 1,
		"sr" : 44100,
		"bounds" : [ 5185350, 5208396 ]
	}
,
	"MacBook_HD:/Users/macbook/Desktop/FluCoMa Aritcles/hart_article/patches/iter_at_5/Overdrive_1_Delay Time_1_Delay Feedback_0_Filter Cutoff_0.5_Filter Resonance_0.wav" : 	{
		"numchans" : 1,
		"sr" : 44100,
		"bounds" : [ 5208396, 5231442 ]
	}
,
	"MacBook_HD:/Users/macbook/Desktop/FluCoMa Aritcles/hart_article/patches/iter_at_5/Overdrive_1_Delay Time_1_Delay Feedback_0_Filter Cutoff_0.5_Filter Resonance_1.wav" : 	{
		"numchans" : 1,
		"sr" : 44100,
		"bounds" : [ 5231442, 5254488 ]
	}
,
	"MacBook_HD:/Users/macbook/Desktop/FluCoMa Aritcles/hart_article/patches/iter_at_5/Overdrive_1_Delay Time_1_Delay Feedback_0_Filter Cutoff_0_Filter Resonance_0.5.wav" : 	{
		"numchans" : 1,
		"sr" : 44100,
		"bounds" : [ 5254488, 5277534 ]
	}
,
	"MacBook_HD:/Users/macbook/Desktop/FluCoMa Aritcles/hart_article/patches/iter_at_5/Overdrive_1_Delay Time_1_Delay Feedback_0_Filter Cutoff_0_Filter Resonance_0.wav" : 	{
		"numchans" : 1,
		"sr" : 44100,
		"bounds" : [ 5277534, 5300580 ]
	}
,
	"MacBook_HD:/Users/macbook/Desktop/FluCoMa Aritcles/hart_article/patches/iter_at_5/Overdrive_1_Delay Time_1_Delay Feedback_0_Filter Cutoff_0_Filter Resonance_1.wav" : 	{
		"numchans" : 1,
		"sr" : 44100,
		"bounds" : [ 5300580, 5323626 ]
	}
,
	"MacBook_HD:/Users/macbook/Desktop/FluCoMa Aritcles/hart_article/patches/iter_at_5/Overdrive_1_Delay Time_1_Delay Feedback_0_Filter Cutoff_1_Filter Resonance_0.5.wav" : 	{
		"numchans" : 1,
		"sr" : 44100,
		"bounds" : [ 5323626, 5346672 ]
	}
,
	"MacBook_HD:/Users/macbook/Desktop/FluCoMa Aritcles/hart_article/patches/iter_at_5/Overdrive_1_Delay Time_1_Delay Feedback_0_Filter Cutoff_1_Filter Resonance_0.wav" : 	{
		"numchans" : 1,
		"sr" : 44100,
		"bounds" : [ 5346672, 5369718 ]
	}
,
	"MacBook_HD:/Users/macbook/Desktop/FluCoMa Aritcles/hart_article/patches/iter_at_5/Overdrive_1_Delay Time_1_Delay Feedback_0_Filter Cutoff_1_Filter Resonance_1.wav" : 	{
		"numchans" : 1,
		"sr" : 44100,
		"bounds" : [ 5369718, 5392764 ]
	}
,
	"MacBook_HD:/Users/macbook/Desktop/FluCoMa Aritcles/hart_article/patches/iter_at_5/Overdrive_1_Delay Time_1_Delay Feedback_1_Filter Cutoff_0.5_Filter Resonance_0.5.wav" : 	{
		"numchans" : 1,
		"sr" : 44100,
		"bounds" : [ 5392764, 5415810 ]
	}
,
	"MacBook_HD:/Users/macbook/Desktop/FluCoMa Aritcles/hart_article/patches/iter_at_5/Overdrive_1_Delay Time_1_Delay Feedback_1_Filter Cutoff_0.5_Filter Resonance_0.wav" : 	{
		"numchans" : 1,
		"sr" : 44100,
		"bounds" : [ 5415810, 5438856 ]
	}
,
	"MacBook_HD:/Users/macbook/Desktop/FluCoMa Aritcles/hart_article/patches/iter_at_5/Overdrive_1_Delay Time_1_Delay Feedback_1_Filter Cutoff_0.5_Filter Resonance_1.wav" : 	{
		"numchans" : 1,
		"sr" : 44100,
		"bounds" : [ 5438856, 5461902 ]
	}
,
	"MacBook_HD:/Users/macbook/Desktop/FluCoMa Aritcles/hart_article/patches/iter_at_5/Overdrive_1_Delay Time_1_Delay Feedback_1_Filter Cutoff_0_Filter Resonance_0.5.wav" : 	{
		"numchans" : 1,
		"sr" : 44100,
		"bounds" : [ 5461902, 5484948 ]
	}
,
	"MacBook_HD:/Users/macbook/Desktop/FluCoMa Aritcles/hart_article/patches/iter_at_5/Overdrive_1_Delay Time_1_Delay Feedback_1_Filter Cutoff_0_Filter Resonance_0.wav" : 	{
		"numchans" : 1,
		"sr" : 44100,
		"bounds" : [ 5484948, 5507994 ]
	}
,
	"MacBook_HD:/Users/macbook/Desktop/FluCoMa Aritcles/hart_article/patches/iter_at_5/Overdrive_1_Delay Time_1_Delay Feedback_1_Filter Cutoff_0_Filter Resonance_1.wav" : 	{
		"numchans" : 1,
		"sr" : 44100,
		"bounds" : [ 5507994, 5531040 ]
	}
,
	"MacBook_HD:/Users/macbook/Desktop/FluCoMa Aritcles/hart_article/patches/iter_at_5/Overdrive_1_Delay Time_1_Delay Feedback_1_Filter Cutoff_1_Filter Resonance_0.5.wav" : 	{
		"numchans" : 1,
		"sr" : 44100,
		"bounds" : [ 5531040, 5554086 ]
	}
,
	"MacBook_HD:/Users/macbook/Desktop/FluCoMa Aritcles/hart_article/patches/iter_at_5/Overdrive_1_Delay Time_1_Delay Feedback_1_Filter Cutoff_1_Filter Resonance_0.wav" : 	{
		"numchans" : 1,
		"sr" : 44100,
		"bounds" : [ 5554086, 5577132 ]
	}
,
	"MacBook_HD:/Users/macbook/Desktop/FluCoMa Aritcles/hart_article/patches/iter_at_5/Overdrive_1_Delay Time_1_Delay Feedback_1_Filter Cutoff_1_Filter Resonance_1.wav" : 	{
		"numchans" : 1,
		"sr" : 44100,
		"bounds" : [ 5577132, 5600178 ]
	}

}
